id,hash,version,type,rarity,card_name_original,card_name,idol_name_original,idol_name
1940010010,547d5c0d4b83b5e898d2e1b69d3f783d,2,produce,4,アイドルロード,アイドルロード,櫻木 真乃,櫻木 真乃
1040010010,1209a8ef1f8e6a454b7e8df52952bc7f,7,produce,4,ほわっとスマイル,ほわっとスマイル,櫻木 真乃,櫻木 真乃
1040010020,7f2b24447ba0de59a31bd000b8155529,4,produce,4,ハ♡トフェルトゥギフト,ハ♡トフェルトゥギフト,櫻木 真乃,櫻木 真乃
1040010030,c0f9c2150837b2024c617c47ee7327ff,2,produce,4,はじけてスマイル,はじけてスマイル,櫻木 真乃,櫻木 真乃
1040010040,61e066bde039f64b3ee8d644094ee63e,2,produce,4,深染め、いろみぐさ,深染め、いろみぐさ,櫻木 真乃,櫻木 真乃
1040010050,25b6b0ce8a620fdb172e4c0935285226,1,produce,4,ソラを跳ね,ソラを跳ね,櫻木 真乃,櫻木 真乃
1930010010,a456b7b0657ec4309dd56621c5290341,2,produce,3,白いツバサ,白いツバサ,櫻木 真乃,櫻木 真乃
1030010010,aca516efe72eb876223a1958d6a19605,8,produce,3,ナチュラルモード,ナチュラルモード,櫻木 真乃,櫻木 真乃
1030010020,d570f51dff4dd2d18e98c0c84b822b94,7,produce,3,ぐうぜんBOOKS,ぐうぜんBOOKS,櫻木 真乃,櫻木 真乃
1030010030,345405cc180b89030263a9f7c8bb96bb,5,produce,3,しじまに華ひととき,しじまに華ひととき,櫻木 真乃,櫻木 真乃
1030010040,a87454492ba01631716ccb734ff4a18d,2,produce,3,花結びゆくゆく,花結びゆくゆく,櫻木 真乃,櫻木 真乃
1030010050,044b877795ddcc6c991b5a3e0ebc4f5e,1,produce,3,一番星の魔法,一番星の魔法,櫻木 真乃,櫻木 真乃
1020010010,43c291ec2be7596c75e302485193ead4,7,produce,2,白いツバサ,白いツバサ,櫻木 真乃,櫻木 真乃
2040010010,6e3d774843ac8f42bca95d22d13e210a,7,support,4,トリプルイルミネーション,トリプルイルミネーション,櫻木 真乃,櫻木 真乃
2040010020,8f8b1fe0d34f4319514e1c7744e2881e,8,support,4,お揃いスナップ,お揃いスナップ,櫻木 真乃,櫻木 真乃
2040010030,a4e711e09d991d6476192009020e3d35,8,support,4,スプラッシュビート,スプラッシュビート,櫻木 真乃,櫻木 真乃
2040010040,063ec74ff82ad8557c89db394550ac1e,6,support,4,はじまりのエピローグ,はじまりのエピローグ,櫻木 真乃,櫻木 真乃
2040010050,c4c0784cdab04ea391a497fda3596b32,7,support,4,冬街イルミネート,冬街イルミネート,櫻木 真乃,櫻木 真乃
2040010060,c1661dfeff28645da529aef2649bee92,2,support,4,駅線上の日常,駅線上の日常,櫻木 真乃,櫻木 真乃
2040010070,3d75a788a7f953b1d9e1947a0004c42d,1,support,4,つむぎ、まばゆく。星屑たち,つむぎ、まばゆく。星屑たち,櫻木 真乃,櫻木 真乃
2040010080,b8e3f231d588fe27d3781e0829b32daa,1,support,4,こころ、えんにならんで,こころ、えんにならんで,櫻木 真乃,櫻木 真乃
2040010090,510a1670850b96349195009261be2d27,1,support,4,泡沫の石たちに乾杯,泡沫の石たちに乾杯,櫻木 真乃,櫻木 真乃
2030010010,60a9ea88b43b6ccdf17fdcae7a518021,7,support,3,天然色ピクニック,天然色ピクニック,櫻木 真乃,櫻木 真乃
2030010020,5eddf6432f68f57c2a4b0554a237ef5e,2,support,3,音、雨、パシャ、リ,音、雨、パシャ、リ,櫻木 真乃,櫻木 真乃
2030010030,d3c0c734275e72ec4e207be803ab7190,2,support,3,by to illuminate,by to illuminate,櫻木 真乃,櫻木 真乃
2030010040,2e68099f0ee9d801d11525d3103e5da3,1,support,3,まわる音色、君色のかおり,まわる音色、君色のかおり,櫻木 真乃,櫻木 真乃
2020010010,7bf24acfd735768bdf3cd9bf3ff74920,7,support,2,２８３プロのヒナ,２８３プロのヒナ,櫻木 真乃,櫻木 真乃
1940020010,d575946a91cc1d6b5c9ded5d26222f83,2,produce,4,アイドルロード,アイドルロード,風野 灯織,風野 灯織
1040020010,118a9af13ba8d3398f421bd579ed1231,8,produce,4,柔らかな微笑み,柔らかな微笑み,風野 灯織,風野 灯織
1040020020,6d139c8b1b7799750bbb2a4b04dfe79a,7,produce,4,淡雪の戯れ,淡雪の戯れ,風野 灯織,風野 灯織
1040020030,52664992d5e3a48430cc3664ffe1ce5e,2,produce,4,伸ばす手に乗せるのは,伸ばす手に乗せるのは,風野 灯織,風野 灯織
1040020040,3544a2c47a774c45df1c32f23c6c8eb9,2,produce,4,清閑に息をひそめて,清閑に息をひそめて,風野 灯織,風野 灯織
1930020010,c2432051f09583480f3682491b4c9353,2,produce,3,白いツバサ,白いツバサ,風野 灯織,風野 灯織
1030020010,a30f3030dd7c8fba656ced1d1edeb2db,8,produce,3,手作りの心遣い,手作りの心遣い,風野 灯織,風野 灯織
1030020020,91824d0484fd213818622b68c7453454,4,produce,3,マフラー直して、心は解けて,マフラー直して、心は解けて,風野 灯織,風野 灯織
1030020030,cc83fde96ec45426aaa8be8b8de5aa36,2,produce,3,落下予測地点,落下予測地点,風野 灯織,風野 灯織
1030020040,a0c9d54fe6e8ce50b1b699b6a4829805,1,produce,3,インビジブルタイム,インビジブルタイム,風野 灯織,風野 灯織
1020020010,fdb3e76af5c9928d0fd442da9309275b,7,produce,2,白いツバサ,白いツバサ,風野 灯織,風野 灯織
2040020010,ba5e0c844214f1ee75a84476101223b4,8,support,4,みんなと結んだもの,みんなと結んだもの,風野 灯織,風野 灯織
2040020020,61380bc57b74ea9ccf9efe9e92abfefb,4,support,4,風野署長の一日勤務回想録,風野署長の一日勤務回想録,風野 灯織,風野 灯織
2040020030,2e73ea0ad322c896b049532cd19a5393,2,support,4,星合アステリズム,星合アステリズム,風野 灯織,風野 灯織
2040020040,d9b2ed09357798daaa109d681b4737f1,2,support,4,星掬い藍仰ぐ,星掬い藍仰ぐ,風野 灯織,風野 灯織
2040020050,ab0bc27daca961a795219701c1dccb9e,1,support,4,宝石色のしおり,宝石色のしおり,風野 灯織,風野 灯織
2040020060,176a44c894fdc6a0e3cb6611ae07a7c2,1,support,4,水面を仰いで海の底,水面を仰いで海の底,風野 灯織,風野 灯織
2030020010,85110834667118fc01e4fde509f0a8f6,8,support,3,克服の特訓,克服の特訓,風野 灯織,風野 灯織
2030020020,f35418aec762714595fc041a53581774,8,support,3,遊び疲れて……,遊び疲れて……,風野 灯織,風野 灯織
2030020030,f1d94a586e49599c354c95a9e5bd91e6,7,support,3,魔法の階段を上って……,魔法の階段を上って……,風野 灯織,風野 灯織
2030020040,18fe17d0b3bfe8100606cc8d669a97bf,2,support,3,RPGのススメ,RPGのススメ,風野 灯織,風野 灯織
2030020050,3e3edc7444a001936761fdd6b8cfec23,2,support,3,クローズ・トゥ・ユー,クローズ・トゥ・ユー," 風野 灯織",風野 灯織
2020020010,b6ad64d7f4a7be9e45ade15c54f68678,7,support,2,２８３プロのヒナ,２８３プロのヒナ,風野 灯織,風野 灯織
1940030010,1051dc943ce5556b9df4eedefeed2b18,2,produce,4,アイドルロード,アイドルロード,八宮 めぐる,八宮 めぐる
1040030010,da4298320e1d4023f775870a90330ada,8,produce,4,金色の元気いっぱいガール,金色の元気いっぱいガール,八宮 めぐる,八宮 めぐる
1040030020,3543e916e593c71649d11cf9563a760a,8,produce,4,夏に恋するピチカート！,夏に恋するピチカート！,八宮 めぐる,八宮 めぐる
1040030030,fc87a9d231ee04632de475afedb81b78,2,produce,4,シュカのまにまに,シュカのまにまに,八宮 めぐる,八宮 めぐる
1040030040,a332d9763e4c8e2c2e780f2a5bb291ed,2,produce,4,日々を紡ぐインヴェルノ,日々を紡ぐインヴェルノ,八宮 めぐる,八宮 めぐる
1040030050,cc62e782d0adc54fb923bcec8d5608e2,1,produce,4,アイの誓い,アイの誓い,八宮 めぐる,八宮 めぐる
1930030010,0898131d0de2d07d369fd7234c2d7911,2,produce,3,白いツバサ,白いツバサ,八宮 めぐる,八宮 めぐる
1030030010,c1ece030659cc24923e687862c38d0a3,7,produce,3,キネマ・リリックで夢見て,キネマ・リリックで夢見て,八宮 めぐる,八宮 めぐる
1030030020,5cd0e0f78b11514ca470b23d26865f9c,4,produce,3,小さな夜のトロイメライ,小さな夜のトロイメライ,八宮 めぐる,八宮 めぐる
1030030030,4c5e870c980b964dd990d8392bc52b4f,2,produce,3,チエルアルコは流星の,チエルアルコは流星の,八宮 めぐる,八宮 めぐる
1030030040,107216ee3f8f38a12a0cd6e09c6f3a78,2,produce,3,ハロー・ワールド,ハロー・ワールド,八宮 めぐる,八宮 めぐる
1020030010,a946cad16454c62e639b48c582d8f715,7,produce,2,白いツバサ,白いツバサ,八宮 めぐる,八宮 めぐる
2040030010,8bb4ca7c14b7463a683e6cef9c4347a9,8,support,4,スタァライトショウタイム,スタァライトショウタイム,八宮 めぐる,八宮 めぐる
2040030020,8f8dfdff6e57846547a8be93627b1393,7,support,4,キャプテン★パンプキン,キャプテン★パンプキン,八宮 めぐる,八宮 めぐる
2040030030,90703d77134924ff3eb459e8c81cecfd,2,support,4,花笑み咲匂う,花笑み咲匂う,八宮 めぐる,八宮 めぐる
2040030040,ab97ee97897d88e5167163ec37a74762,2,support,4,ああひかりよ,ああひかりよ,八宮 めぐる,八宮 めぐる
2040030050,963c5253fe3e458c700e3a227577b1cc,1,support,4,アップ・トゥ・ユー,アップ・トゥ・ユー,八宮 めぐる,八宮 めぐる
2030030010,a6a25d66d620f3eeeed3f5404a87339d,8,support,3,友情の花吹雪,友情の花吹雪,八宮 めぐる,八宮 めぐる
2030030020,5e51d8e45e44dec70e6103203c5f133b,8,support,3,友達という灯り,友達という灯り,八宮 めぐる,八宮 めぐる
2030030030,c66c1c84d63b0cddcd4f4b73effdd30d,4,support,3,アイムカミングスーン,アイムカミングスーン,八宮 めぐる,八宮 めぐる
2030030040,5a4230d2cac0e5e11d121eff65637603,2,support,3,サンシャインシエスタ！,サンシャインシエスタ！,八宮 めぐる,八宮 めぐる
2020030010,f14e29dd39b2206fa729ec2696138119,7,support,2,２８３プロのヒナ,２８３プロのヒナ,八宮 めぐる,八宮 めぐる
1940040010,45bca4f8658e71eebf952d606055b235,2,produce,4,アイドルロード,アイドルロード,月岡 恋鐘,月岡 恋鐘
1040040010,522da89a9744e24a1b7019c098c1b542,8,produce,4,ばりうまかブルース,ばりうまかブルース,月岡 恋鐘,月岡 恋鐘
1040040020,f9102724bbe7b724fe94a592101e1037,4,produce,4,月の浜辺で待っとって,月の浜辺で待っとって,月岡 恋鐘,月岡 恋鐘
1040040030,6364f8246128c9d2440a60707d0b96b8,2,produce,4,風吹く丘にはよ来んね,風吹く丘にはよ来んね,月岡 恋鐘,月岡 恋鐘
1040040040,7cec6e0237bc0d219424043150f38b98,2,produce,4,うちのリボンは恋結び,うちのリボンは恋結び,月岡 恋鐘,月岡 恋鐘
1040040050,002f6ed9f670d3846752f23e4e2b9d78,1,produce,4,心の鐘が鳴っとるけん,心の鐘が鳴っとるけん,月岡 恋鐘,月岡 恋鐘
1930040010,4f1e93874e54293126f846e63eacbca8,2,produce,3,白いツバサ,白いツバサ,月岡 恋鐘,月岡 恋鐘
1030040010,a77b7ff3de72c24d33f09ad1543e8217,8,produce,3,ばってん長崎恋岬,ばってん長崎恋岬,月岡 恋鐘,月岡 恋鐘
1030040020,fbd7ef22ce7c8ce0dc8fb24b363af386,8,produce,3,ビ～♡バップ海岸,ビ～♡バップ海岸,月岡 恋鐘,月岡 恋鐘
1030040030,9c59f3214fb37e8518d84f9f4cb50fb7,2,produce,3,は～と♡に火をつけて,は～と♡に火をつけて,月岡 恋鐘,月岡 恋鐘
1030040040,dd46132bf637709709cee905f0f1ae4a,1,produce,3,猫道カントリー,猫道カントリー,月岡 恋鐘,月岡 恋鐘
1020040010,0b612caf2c8666de1cbc9491eb150ca8,7,produce,2,白いツバサ,白いツバサ,月岡 恋鐘,月岡 恋鐘
2040040010,8856b98b1da0342e3bed3571fb9a8066,8,support,4,ふっふ～ん、ふふ～ん♪,ふっふ～ん、ふふ～ん♪,月岡 恋鐘,月岡 恋鐘
2040040020,5e370a51b162649e8e6d9614cf689116,7,support,4,これ、なんの話～？,これ、なんの話～？,月岡 恋鐘,月岡 恋鐘
2040040030,2f6f319a8514eec04622d2a228c22de3,3,support,4,SIDE：K,SIDE：K,月岡 恋鐘,月岡 恋鐘
2040040040,56ff076ff5464cb347225a2c62155b31,2,support,4,夏、どがんね～？,夏、どがんね～？,月岡 恋鐘,月岡 恋鐘
2040040050,019b188440b777b665b88054828fa444,1,support,4,晴れ、よかばい～！,晴れ、よかばい～！,月岡 恋鐘,月岡 恋鐘
2030040010,904d39fb8b970adfd8ca4cbbc0c4e0d1,6,support,3,やけん、なんの話～！？,やけん、なんの話～！？,月岡 恋鐘,月岡 恋鐘
2030040020,6c9527c3db82252fddb61032dec35234,2,support,3,と～りゃんせ！,と～りゃんせ！,月岡 恋鐘,月岡 恋鐘
2030040030,a19b7296db478b34925d2b690234e0c2,2,support,3,秋、どがんね～？,秋、どがんね～？,月岡 恋鐘,月岡 恋鐘
2030040040,4ebfdd42d926d54e687b26efcb20e928,2,support,3,冬、どがんね～？,冬、どがんね～？,月岡 恋鐘,月岡 恋鐘
2020040010,de1c3046a46c7c5f0f89358b160510c4,7,support,2,２８３プロのヒナ,２８３プロのヒナ,月岡 恋鐘,月岡 恋鐘
1940050010,95234f73dd6a85517e60b8bcc9e43d38,2,produce,4,アイドルロード,アイドルロード,田中 摩美々,田中 摩美々
1040050010,ef0e0564cc7caa1395643c38af1b2c2b,8,produce,4,トリッキーナイト,トリッキーナイト,田中 摩美々,田中 摩美々
1040050020,38955eaf7020cfa36804575b9d4bea79,2,produce,4,摩的・アンチテーゼ,摩的・アンチテーゼ,田中 摩美々,田中 摩美々
1040050030,0b5729eec17413424cd8fb6c98e4415e,2,produce,4,パープル・ミラージュ,パープル・ミラージュ,田中 摩美々,田中 摩美々
1040050040,a6ee96d016466b5abe24835b49cd871a,2,produce,4,フィドル・ファドル,フィドル・ファドル,田中 摩美々,田中 摩美々
1040050050,2a82768f7a4218749f7175b626e443e6,1,produce,4,真・TRAVELER,真・TRAVELER,田中 摩美々,田中 摩美々
1930050010,a4e086af0297556a717fd0f557c7bd29,2,produce,3,白いツバサ,白いツバサ,田中 摩美々,田中 摩美々
1030050010,ae84533ea13d0d64ba5f284adcc5fc96,8,produce,3,裏腹あまのじゃく,裏腹あまのじゃく,田中 摩美々,田中 摩美々
1030050020,fec86e546fe99b724863b4ca5ae6bed5,8,produce,3,夕つ方まみみチック,夕つ方まみみチック,田中 摩美々,田中 摩美々
1030050030,7874b354a200d4983223185d2f5e312d,4,produce,3,そのまみみ無気力につき,そのまみみ無気力につき,田中 摩美々,田中 摩美々
1030050040,2e67ad6b93b41c5b88511dcd9774b388,2,produce,3,FANCY 24g,FANCY 24g,田中 摩美々,田中 摩美々
1020050010,0e1b6cb1c1a90f4404c5d199dcc45f37,7,produce,2,白いツバサ,白いツバサ,田中 摩美々,田中 摩美々
2040050010,54d145dec0e7db9ae40fcde63fac3066,8,support,4,ゴシックデコレーション,ゴシックデコレーション,田中 摩美々,田中 摩美々
2040050020,27a86d507fb18d9111f98a1f46445a0a,7,support,4,闇鍋上等,闇鍋上等,田中 摩美々,田中 摩美々
2040050030,fa3f31b412bbaf277a6b9e5941782e60,3,support,4,夜夜中ワンダーラスト,夜夜中ワンダーラスト,田中 摩美々,田中 摩美々
2040050040,930585c80bdd96ee15604a702fd7ccf8,2,support,4,きまぐれのめぐみ,きまぐれのめぐみ,田中 摩美々,田中 摩美々
2040050050,292d9548b37eb035e8fbaee454f5d934,2,support,4,デタラメハッシュタグ,デタラメハッシュタグ,田中 摩美々,田中 摩美々
2040050060,c7653459b6be25bb27d0432b66327aec,2,support,4,スプリング・フィッシュ,スプリング・フィッシュ,田中 摩美々,田中 摩美々
2030050010,9b4c0d919dd10ccedbdebea11de75dca,8,support,3,カラフルポップMIX,カラフルポップMIX,田中 摩美々,田中 摩美々
2030050020,6aebafae80b60b3fc0e42c57a30adcfb,8,support,3,アーリー・ナチュラリィ,アーリー・ナチュラリィ,田中 摩美々,田中 摩美々
2030050030,d8d0466fe44d3c96a990565c8bafbe87,1,support,3,イン・ザ・ピンク,イン・ザ・ピンク,田中 摩美々,田中 摩美々
2020050010,f14be13d667e134c2466ef23e3ac87c2,7,support,2,２８３プロのヒナ,２８３プロのヒナ,田中 摩美々,田中 摩美々
2010050010,094af45e9caa28e17a298fc16f5e5d3a,8,support,1,アイドルのたまご,アイドルのたまご,田中 摩美々,田中 摩美々
1940060010,772215fa2fd39ab447c5fc3a9e07ab9a,2,produce,4,アイドルロード,アイドルロード,白瀬 咲耶,白瀬 咲耶
1040060010,6100767bc6caa304c422c7befb89630f,8,produce,4,紺碧のボーダーライン,紺碧のボーダーライン,白瀬 咲耶,白瀬 咲耶
1040060020,9ba28603a22e9dec0520efbd47f2b104,3,produce,4,1/60・NaturalHeart,1/60・NaturalHeart,白瀬 咲耶,白瀬 咲耶
1040060030,3da66e3ac5f9a8cafafb3f52634ed78a,2,produce,4,幸福のリズム,幸福のリズム,白瀬 咲耶,白瀬 咲耶
1040060040,8db38734e2946432fc8859f803a6fe2e,1,produce,4,海と太陽のプロメッサ,海と太陽のプロメッサ,白瀬 咲耶,白瀬 咲耶
1040060050,01b0a77ec26e4b54c1ba7244a804c867,1,produce,4,乙女と交わすTrick,乙女と交わすTrick,白瀬 咲耶,白瀬 咲耶
1930060010,d2bcb351cfde417bd19298ccad5ff4bd,2,produce,3,白いツバサ,白いツバサ,白瀬 咲耶,白瀬 咲耶
1030060010,bf117d2aeaedd909e5828d341a182398,8,produce,3,秘めやかファンサービス,秘めやかファンサービス,白瀬 咲耶,白瀬 咲耶
1030060020,ed2184569e76b3db836f1e8a52cf9171,7,produce,3,ふれあい、おもいあい,ふれあい、おもいあい,白瀬 咲耶,白瀬 咲耶
1030060040,b4c5cc9434285ebbe6d3319afc275ca9,2,produce,3,雪染めロマンティカ,雪染めロマンティカ,白瀬 咲耶,白瀬 咲耶
1030060030,f95f055116060f93e153d5f834f963c1,1,produce,3,真紅一輪,真紅一輪,白瀬 咲耶,白瀬 咲耶
1020060010,052acd6474ba16ee23550bc5aba47b87,7,produce,2,白いツバサ,白いツバサ,白瀬 咲耶,白瀬 咲耶
2040060010,442addbd589edbbed1954d4e037a17bd,7,support,4,指先の煌めき,指先の煌めき,白瀬 咲耶,白瀬 咲耶
2040060020,605b7090d110bf176b449d0533c082bf,7,support,4,街角フラワーガーデン,街角フラワーガーデン,白瀬 咲耶,白瀬 咲耶
2040060030,582592babbbf2b90988db98294406c9e,2,support,4,月映えのソワレ,月映えのソワレ,白瀬 咲耶,白瀬 咲耶
2040060040,adfde8b8254e4aed181428640d952917,2,support,4,prince×princess,prince×princess,白瀬 咲耶,白瀬 咲耶
2040060050,1ca935165563c0b87be793ffb014fecb,1,support,4,シー・イズ,シー・イズ,白瀬 咲耶,白瀬 咲耶
2030060010,295f4f16cc7b9cc2174e1a278823a255,7,support,3,雲間のモーメント,雲間のモーメント,白瀬 咲耶,白瀬 咲耶
2030060020,a8452f2a73c70561af53d49d674e108f,6,support,3,マジカル＊スカイレース,マジカル＊スカイレース,白瀬 咲耶,白瀬 咲耶
2030060030,8290b436588ecdf47193c2d1f08f9ee7,3,support,3,咲耶と摩美々のぶらり旅,咲耶と摩美々のぶらり旅,白瀬 咲耶,白瀬 咲耶
2020060010,242a0fca67b327a967311077f7d82926,7,support,2,２８３プロのヒナ,２８３プロのヒナ,白瀬 咲耶,白瀬 咲耶
2010060010,4843ae6c1660ef777d2edfe175c16a96,8,support,1,アイドルのたまご,アイドルのたまご,白瀬 咲耶,白瀬 咲耶
1940070010,690e021203dd9c667dbf5878920a3e3d,2,produce,4,アイドルロード,アイドルロード,三峰 結華,三峰 結華
1040070010,b8958eb85bae77c360db05bf7596de26,7,produce,4,お試し／みつゴコロ,お試し／みつゴコロ,三峰 結華,三峰 結華
1040070020,722a3bca7271ce52b7b6a5127f3d9190,2,produce,4,それなら目をつぶりましょう,それなら目をつぶりましょう,三峰 結華,三峰 結華
1040070030,c8b919ab1117b090e1214c236c78e035,2,produce,4,NOT≠EQUAL,NOT≠EQUAL,三峰 結華,三峰 結華
1040070040,47e58f6934c26cf841567c37339ed2fe,1,produce,4,く　ら　く　ら,く　ら　く　ら,三峰 結華,三峰 結華
1040070050,5b2dd6d488a1a2e5fc303ac196383b46,1,produce,4,雨に祝福,雨に祝福,三峰 結華,三峰 結華
1930070010,aa3b4389d0f528845a1b5686921011e5,2,produce,3,白いツバサ,白いツバサ,三峰 結華,三峰 結華
1030070010,a53473de8f533fd0bef7943cd9e574b4,8,produce,3,カラフルメタモルフォーゼ,カラフルメタモルフォーゼ,三峰 結華,三峰 結華
1030070020,0a6ade7a9d0eb6116e80046d84d69eb4,8,produce,3,雨色、上機嫌,雨色、上機嫌,三峰 結華,三峰 結華
1030070030,b6eb0371f34a31e0b6435b00f9835cd3,2,produce,3,お願い、ただの少女がいい,お願い、ただの少女がいい,三峰 結華,三峰 結華
1020070010,13d73231f02715700a7c51f907b37728,7,produce,2,白いツバサ,白いツバサ,三峰 結華,三峰 結華
2040070010,53c29ad856326e61fb2ec3922d1164ad,7,support,4,等身大のレイニーデイ,等身大のレイニーデイ,三峰 結華,三峰 結華
2040070020,08a5cec78dbc13db3c20fa6eeb33b6fd,4,support,4,ハロー、私の「いつも通り」,ハロー、私の「いつも通り」,三峰 結華,三峰 結華
2040070030,22d8fd8e4ed784b3e1835442f9289ac3,2,support,4,賑やか四畳半,賑やか四畳半,三峰 結華,三峰 結華
2040070040,0ae3b799d6b336f253849ce6684674f1,2,support,4,プレゼントなら両手いっぱい,プレゼントなら両手いっぱい,三峰 結華,三峰 結華
2040070050,83b35ff4ee24bc09ee45e07e18dad025,1,support,4,おはようと日向に手を振る,おはようと日向に手を振る,三峰 結華,三峰 結華
2030070010,1491350abc3a5b6882b1cd35050d947b,8,support,3,輪になって,輪になって,三峰 結華,三峰 結華
2030070020,cbc091b1810396cfd2847445f1894cfa,8,support,3,メロウビート・スローダウン,メロウビート・スローダウン,三峰 結華,三峰 結華
2030070030,72e036fb07efb6d3c7e3a0a68b83a603,3,support,3,SIDE：Y,SIDE：Y,三峰 結華,三峰 結華
2020070010,a16fc6bd882ecb53ff93c0f19363bf82,7,support,2,２８３プロのヒナ,２８３プロのヒナ,三峰 結華,三峰 結華
1940080010,fad9f095193a722337def0d6b4c38cde,2,produce,4,アイドルロード,アイドルロード,幽谷 霧子,幽谷 霧子
1040080010,3d5b0ecdb29adf12c3ab8a1535fb7606,7,produce,4,霧・音・燦・燦,霧・音・燦・燦,幽谷 霧子,幽谷 霧子
1040080020,51bc45117873eadc9804c61576f574e9,2,produce,4,夕・音・鳴・鳴,夕・音・鳴・鳴,幽谷 霧子,幽谷 霧子
1040080030,d7bdadbbe1ac0022fd92e0d2b5109c58,2,produce,4,菜・菜・輪・舞,菜・菜・輪・舞,幽谷 霧子,幽谷 霧子
1040080040,48358a1a5c0c375efa8ae5d7bd5aa1c2,2,produce,4,鱗・鱗・謹・賀,鱗・鱗・謹・賀,幽谷 霧子,幽谷 霧子
1930080010,60ece4a195caefd1433467b1d0868a8f,2,produce,3,白いツバサ,白いツバサ,幽谷 霧子,幽谷 霧子
1030080010,bbc20495d6e4faadb95ec544f8467e50,8,produce,3,包・帯・組・曲,包・帯・組・曲,幽谷 霧子,幽谷 霧子
1030080020,9e9b98ff8e3beb795345d22546aa42d3,8,produce,3,伝・伝・心・音,伝・伝・心・音,幽谷 霧子,幽谷 霧子
1030080030,1fd4d0dce3e38390815ff9e020196046,3,produce,3,白・白・白・祈,白・白・白・祈,幽谷 霧子,幽谷 霧子
1030080040,2c9af942b668ecee53dcb9462dcbe7f9,2,produce,3,天・天・白・布,天・天・白・布,幽谷 霧子,幽谷 霧子
1020080010,8a16c1006383737ecf2155560304c9c2,7,produce,2,白いツバサ,白いツバサ,幽谷 霧子,幽谷 霧子
2040080010,f4315d07e4ea9565101adf53d4470e77,7,support,4,霧・霧・奇・譚,霧・霧・奇・譚,幽谷 霧子,幽谷 霧子
2040080020,abcb6b519c0bc5b2d4f53c3b4815dbf5,4,support,4,娘・娘・謹・賀,娘・娘・謹・賀,幽谷 霧子,幽谷 霧子
2040080030,28ae8eba0ae977ec22297bc71a22a3f9,2,support,4,潜・潜・夏・娘,潜・潜・夏・娘,幽谷 霧子,幽谷 霧子
2040080040,9f259f2be6b5f5bee658058eaff63aef,2,support,4,奇・綺・甘・甘,奇・綺・甘・甘,幽谷 霧子,幽谷 霧子
2040080050,6115819aacc2797e8d6726825481518e,1,support,4,数・数・娘・娘,数・数・娘・娘,幽谷 霧子,幽谷 霧子
2030080010,b74a1893f52bc5eb5cdd4f35cc9bcb39,8,support,3,綿毛ノ想,綿毛ノ想,幽谷 霧子,幽谷 霧子
2030080020,a76a1bab508fc053061e4e066c278234,8,support,3,娘・娘・金・魚,娘・娘・金・魚,幽谷 霧子,幽谷 霧子
2030080030,76d831fb4dc49939493a4bcf0b171156,2,support,3,我・思・君・思,我・思・君・思,幽谷 霧子,幽谷 霧子
2030080040,80a05f8f9cfa424f58c45237b42aa91a,2,support,3,君・空・我・空,君・空・我・空,幽谷 霧子,幽谷 霧子
2020080010,3abd22ea699fb7c8d29217942f34c06a,7,support,2,２８３プロのヒナ,２８３プロのヒナ,幽谷 霧子,幽谷 霧子
1940090010,ad532e9721e30bb61c0d5d8dac66883b,2,produce,4,アイドルロード,アイドルロード,小宮 果穂,小宮 果穂
1040090010,81ee9a39be6be420e028a2e6e5548526,8,produce,4,第２形態アーマードタイプ,第２形態アーマードタイプ,小宮 果穂,小宮 果穂
1040090020,1a6c76bfef92bfcfed4ab4cc1223b00a,4,produce,4,新装備・バブルバスター！,新装備・バブルバスター！,小宮 果穂,小宮 果穂
1040090030,22631145ac01142a511d082b9ab3caeb,2,produce,4,潮騒のシーショア,潮騒のシーショア,小宮 果穂,小宮 果穂
1040090040,4cc4728625a5710d52aecc0baac7a11f,2,produce,4,エクストリーム・ブレイク！,エクストリーム・ブレイク！,小宮 果穂,小宮 果穂
1040090050,007ba0545524a9d8dace3bfb693b7a98,1,produce,4,日刊ウィズ・ユー！,日刊ウィズ・ユー！,小宮 果穂,小宮 果穂
1930090010,2380870418f6343e1405c72472d3c799,2,produce,3,白いツバサ,白いツバサ,小宮 果穂,小宮 果穂
1030090010,33bf821865c614a66c57b658dcff68b8,8,produce,3,マメ丸と一緒！,マメ丸と一緒！,小宮 果穂,小宮 果穂
1030090020,f94724c369be584c5021ee668a0a7afa,7,produce,3,デコって！ハッピークッキー,デコって！ハッピークッキー,小宮 果穂,小宮 果穂
1030090030,5d47d8d959904f944da56933937ba35a,2,produce,3,キャッチ・ザ・フォール！,キャッチ・ザ・フォール！,小宮 果穂,小宮 果穂
1030090040,5e586152fe59f04ea35494d817cab13f,2,produce,3,窓辺・サイレントタイム,窓辺・サイレントタイム,小宮 果穂,小宮 果穂
1020090010,e833d95b0d34b8dd70852b106f2f0945,7,produce,2,白いツバサ,白いツバサ,小宮 果穂,小宮 果穂
2040090010,7a9febbd06d3ef4cf09ce1b722fc92f0,7,support,4,ヒーローインザパーク,ヒーローインザパーク,小宮 果穂,小宮 果穂
2040090020,2e414023d917019afe3d86362bd0910f,8,support,4,鉄板★絶品★海の家,鉄板★絶品★海の家,小宮 果穂,小宮 果穂
2040090030,ee20f134144ea1c4fc1aef34d4e4985a,2,support,4,雨のち、マイヒーロー,雨のち、マイヒーロー,小宮 果穂,小宮 果穂
2040090040,6d07a786d1927d5671abd9be39ad93c9,1,support,4,ナツイロ☆アフタースクール,ナツイロ☆アフタースクール,小宮 果穂,小宮 果穂
2040090050,a29f1a91c4ccc7e0ee6e6d285da3456b,1,support,4,続！（完全）燃焼,続！（完全）燃焼,小宮 果穂,小宮 果穂
2030090010,50505cf624a1fbb5e494aa8633443684,3,support,3,放課後スノーガールズ！,放課後スノーガールズ！,小宮 果穂,小宮 果穂
2030090020,26573d8bd04d87ebb71b4397186273ec,2,support,3,無敵の証！五紋章！,無敵の証！五紋章！,小宮 果穂,小宮 果穂
2030090030,380120ee7555dbceb7d5f892b5ddc93f,1,support,3,ホーカゴ・ア・ゴーゴー！,ホーカゴ・ア・ゴーゴー！,小宮 果穂,小宮 果穂
2020090010,a48d38af63af10d3361342969b0319bc,7,support,2,２８３プロのヒナ,２８３プロのヒナ,小宮 果穂,小宮 果穂
1940100010,f85021385198a1ebd98fa8e0d9e10b2d,2,produce,4,アイドルロード,アイドルロード,園田 智代子,園田 智代子
1040100010,94175920091bef4343c55f2b6350b446,7,produce,4,ちょこ色×きらきらロマン,ちょこ色×きらきらロマン,園田 智代子,園田 智代子
1040100020,3660533f8aa214d1da9c58c7aaff39e3,4,produce,4,あそ→と♡ちよこれいと,あそ→と♡ちよこれいと,園田 智代子,園田 智代子
1040100030,561c50d79637cc8f4d33666b8c1c1fc2,2,produce,4,かきまぜたら＊ミルク,かきまぜたら＊ミルク,園田 智代子,園田 智代子
1040100040,00acd93518ff3435217b3c9317b224ba,2,produce,4,You're My Dream,You're My Dream,園田 智代子,園田 智代子
1040100050,7cbbaeeb6cb5b61febc26555a52df818,1,produce,4,プリティ・スイート,プリティ・スイート,園田 智代子,園田 智代子
1930100010,67fc7816ad6a78ab3a4a42d5143999bf,2,produce,3,白いツバサ,白いツバサ,園田 智代子,園田 智代子
1030100010,3d5208993418b7441178e17691ccb092,8,produce,3,純真チョコレート,純真チョコレート,園田 智代子,園田 智代子
1030100020,26f5ab142e8bccbaf8fb742adbda8996,8,produce,3,よろしく♡めしませっ,よろしく♡めしませっ,園田 智代子,園田 智代子
1030100030,1b797d78168ada34c7ec5531c22926a3,2,produce,3,錯覚・Darling,錯覚・Darling,園田 智代子,園田 智代子
1020100010,e7003bf1b10b4d8ad98b366ca56dc8d4,7,produce,2,白いツバサ,白いツバサ,園田 智代子,園田 智代子
2040100010,08bed8db6554f66ab32542f557afaa60,7,support,4,放課後★肝試しパニック,放課後★肝試しパニック,園田 智代子,園田 智代子
2040100020,78f02721a910b08d4423f0f00b52cef9,7,support,4,桜餅マスター……？,桜餅マスター……？,園田 智代子,園田 智代子
2040100030,9f0de7e9a5f9e9dd1bb8a68edf04cd26,2,support,4,紅蘭偉魔空珠に挑め！,紅蘭偉魔空珠に挑め！,園田 智代子,園田 智代子
2040100040,a2fc02be179edaaed905f4cad0a65190,2,support,4,おあがり←くらいまっくす,おあがり←くらいまっくす,園田 智代子,園田 智代子
2040100050,70a81fb448b37701a3a55a248cb725cd,1,support,4,kimagure全力ビート！,kimagure全力ビート！,園田 智代子,園田 智代子
2030100010,121953fcf220a9f4bddff02179a37d78,7,support,3,迷走チョコロード,迷走チョコロード,園田 智代子,園田 智代子
2030100030,0b7d3d4fa8a05f6d4b621e0068609b72,2,support,3,Best☆Great☆サマー！,Best☆Great☆サマー！,園田 智代子,園田 智代子
2030100040,a4ce88b6c9ff8dec000761896f50b7f7,2,support,3,ぐるもこ・まふ×２,ぐるもこ・まふ×２,園田 智代子,園田 智代子
2030100020,1405e2fcc80dd9f35a637cc8bbac86e2,1,support,3,茜色セレンディピティ,茜色セレンディピティ,園田 智代子,園田 智代子
2020100010,3a65dead6e50d8d18beb086a2d65dd78,7,support,2,２８３プロのヒナ,２８３プロのヒナ,園田 智代子,園田 智代子
1940110010,a965711aae91e06311e3cf44a6176edb,2,produce,4,アイドルロード,アイドルロード,西城 樹里,西城 樹里
1040110010,d94517472f7f861802525cb40b4b6f53,8,produce,4,ラムネ色の覚悟,ラムネ色の覚悟,西城 樹里,西城 樹里
1040110020,2420905e26f76a09229c3285a9e10929,6,produce,4,とびっきりジンジャー,とびっきりジンジャー,西城 樹里,西城 樹里
1040110030,ac4902b543f190e277cfd838fc18c1d3,2,produce,4,曲がり角のランウェイ,曲がり角のランウェイ,西城 樹里,西城 樹里
1040110040,ba2e104d15b2058734abf7783a3ae96d,2,produce,4,誰が為シンパシー,誰が為シンパシー,西城 樹里,西城 樹里
1040110050,5bf60a8783c19d3760e1b7ab8522ad4c,1,produce,4,秋陽のスケッチ,秋陽のスケッチ,西城 樹里,西城 樹里
1930110010,a0f3b8edffe009d9595a2c30e1c78411,2,produce,3,白いツバサ,白いツバサ,西城 樹里,西城 樹里
1030110010,3805a0ec5fc37a697bd5bf656e432a32,8,produce,3,バッドガールの羽ばたき,バッドガールの羽ばたき,西城 樹里,西城 樹里
1030110020,5ebdbb9ae11fc9651d0afc14671fdb59,8,produce,3,オフデーゲーム,オフデーゲーム,西城 樹里,西城 樹里
1030110030,1f3e46dcec3bc525268c7b9af3612d65,4,produce,3,STARTRAIN,STARTRAIN,西城 樹里,西城 樹里
1030110040,ba5ae5d8eb26ee50887ba51415c8901a,1,produce,3,夏服にWIND YOU！,夏服にWIND YOU！,西城 樹里,西城 樹里
1020110010,d09fd69cb341eab38979e6a4cb22e374,7,produce,2,白いツバサ,白いツバサ,西城 樹里,西城 樹里
2040110010,66cab712b59447ebfbcdb4f241fcc263,8,support,4,未知なるFROZEN,未知なるFROZEN,西城 樹里,西城 樹里
2040110020,30a96457bba338d7f9f9b5d16648413e,2,support,4,スリープオーバーベイビー,スリープオーバーベイビー,西城 樹里,西城 樹里
2040110030,a12c1f95e580e7b7d367698fff69dd87,2,support,4,坂道だらけのこの街で,坂道だらけのこの街で,西城 樹里,西城 樹里
2040110040,6522011931dfd7c15bea4d6df6fe4731,1,support,4,SPACE WHAT？,SPACE WHAT？,西城 樹里,西城 樹里
2040110050,4790d02ef4a0a3dee54c15e64a2e4e63,1,support,4,モーニング・グロウリー？,モーニング・グロウリー？,西城 樹里,西城 樹里
2030110010,52e443866645cd0650565d7075a6f3f9,8,support,3,意地っ張りサンセット,意地っ張りサンセット,西城 樹里,西城 樹里
2030110020,fbf534eed839087c54465fcc4e398348,7,support,3,３名様極楽旅行記,３名様極楽旅行記,西城 樹里,西城 樹里
2030110030,dcacc1594f5db5b5a82b57dc9f8cd008,2,support,3,グッド・ラック・ボール,グッド・ラック・ボール,西城 樹里,西城 樹里
2020110010,763f7a501e1a24e30046aa423e10e724,7,support,2,２８３プロのヒナ,２８３プロのヒナ,西城 樹里,西城 樹里
1940120010,17cd6c3ff4d35e11d1b93ea7f7a1159c,2,produce,4,アイドルロード,アイドルロード,杜野 凛世,杜野 凛世
1040120010,3b73d3ff6325d5732c0c3af7448f49dc,7,produce,4,杜野凛世の印象派,杜野凛世の印象派,杜野 凛世,杜野 凛世
1040120020,6769fd160c8a173f01024f7e13f53f29,2,produce,4,凛世花伝,凛世花伝,杜野 凛世,杜野 凛世
1040120030,a6bd802399c48b88705624ce78a0222d,2,produce,4,水色感情,水色感情,杜野 凛世,杜野 凛世
1040120040,d39d7f29525a051941406a6dc2c441cf,2,produce,4,十二月短篇,十二月短篇,杜野 凛世,杜野 凛世
1040120050,b692b7f973991e53930fab5e173f2d1d,1,produce,4,われにかへれ,われにかへれ,杜野 凛世,杜野 凛世
1930120010,d8f3826ed1ed80c682e986723cc16fbc,2,produce,3,白いツバサ,白いツバサ,杜野 凛世,杜野 凛世
1030120010,21d6705a16a3a85e120e302e6e3ea889,8,produce,3,想ひいろは,想ひいろは,杜野 凛世,杜野 凛世
1030120020,009967f66dfbd4bc5636abe10484a553,8,produce,3,凛凛、凛世,凛凛、凛世,杜野 凛世,杜野 凛世
1030120030,6fc6c2b4f2481af91730da470faf4bed,8,produce,3,微熱風鈴,微熱風鈴,杜野 凛世,杜野 凛世
1030120040,051a12d3010c80aded018cac93150338,7,produce,3,ふらここのうた,ふらここのうた,杜野 凛世,杜野 凛世
1020120010,05f34049831590df43f1be18cc6e67c7,7,produce,2,白いツバサ,白いツバサ,杜野 凛世,杜野 凛世
2040120010,1bd084d1c13091306987e46ead0d33d7,7,support,4,ふれんど日和,ふれんど日和,杜野 凛世,杜野 凛世
2040120020,139486b850f3a71cabcb735b434345cc,4,support,4,凛世夕町物語,凛世夕町物語,杜野 凛世,杜野 凛世
2040120030,53ec94c9de3ab60273bd262304b92f45,2,support,4,常夏CLIMAX,常夏CLIMAX,杜野 凛世,杜野 凛世
2040120040,25eac10fd5f1b55937ec6c06ad9ff3c9,2,support,4,夜明けの晩に,夜明けの晩に,杜野 凛世,杜野 凛世
2040120050,d5fb53ced81c3434658a703d06b34b46,1,support,4,日を食んで、夜を啜って,日を食んで、夜を啜って,杜野 凛世,杜野 凛世
2040120060,cd0a9efdc8cdf5fe78ce5dff92c37b5c,1,support,4,祝唄-hogiuta-,祝唄-hogiuta-,杜野 凛世,杜野 凛世
2030120010,4bc37ed986d032c518bf0d18a18548e2,7,support,3,百色ふぉとぐらふ,百色ふぉとぐらふ,杜野 凛世,杜野 凛世
2030120020,7e5078f28d1f70430fd6a0cf43cdfafe,2,support,3,をとめ大学,をとめ大学,杜野 凛世,杜野 凛世
2030120030,1fd01651270cd47eda5145a0d83664c5,2,support,3,をとめ辞典,をとめ辞典,杜野 凛世,杜野 凛世
2020120010,025bc31147340e4b55baf50910325b8a,7,support,2,２８３プロのヒナ,２８３プロのヒナ,杜野 凛世,杜野 凛世
1940130010,2bf23bf88c7a2820c404b63bfa83a797,2,produce,4,アイドルロード,アイドルロード,有栖川 夏葉,有栖川 夏葉
1040130010,8e93974368b23746cb85636a0ae862af,8,produce,4,アルティメットマーメイド,アルティメットマーメイド,有栖川 夏葉,有栖川 夏葉
1040130020,651bf5eaa3d8ea09afc6278d7f366580,4,produce,4,メイドインナツハ,メイドインナツハ,有栖川 夏葉,有栖川 夏葉
1040130030,2b0ff267165d7140cbf20381e3f60585,2,produce,4,Ring a bell,Ring a bell,有栖川 夏葉,有栖川 夏葉
1040130040,f4765236badc1666775b94314e9fb702,2,produce,4,♡AKQJ10,♡AKQJ10,有栖川 夏葉,有栖川 夏葉
1040130050,8758d40b11b171972829238520f28eb6,1,produce,4,cheer+,cheer+,有栖川 夏葉,有栖川 夏葉
1930130010,d73458d8d55a4a87df124c7f86c91a2e,2,produce,3,白いツバサ,白いツバサ,有栖川 夏葉,有栖川 夏葉
1030130010,495823e5adc4b8e507d4fae3d80df1e9,8,produce,3,ストイックトレーニング,ストイックトレーニング,有栖川 夏葉,有栖川 夏葉
1030130020,b28c6471dac3557ca7d5f1977a2792bd,7,produce,3,カトレアの花言葉,カトレアの花言葉,有栖川 夏葉,有栖川 夏葉
1030130030,050e110ccd4cd667c1e6d63fcec46520,1,produce,3,鳥籠をひらいて,鳥籠をひらいて,有栖川 夏葉,有栖川 夏葉
1020130010,1ec597303ff5264613ba856ee36239c7,7,produce,2,白いツバサ,白いツバサ,有栖川 夏葉,有栖川 夏葉
2040130010,fd28eafd4313a340ea7ce249f0a8208e,7,support,4,熱血指導！,熱血指導！,有栖川 夏葉,有栖川 夏葉
2040130020,18fc153c98f56d82ea87cee03c1c83eb,8,support,4,遊びも本気で,遊びも本気で,有栖川 夏葉,有栖川 夏葉
2040130030,5ffa7c870fa3b80a97731bacd8659af5,7,support,4,#ナッツ・チョコジェリー,#ナッツ・チョコジェリー,有栖川 夏葉,有栖川 夏葉
2040130040,ac5e5c7d981eadbc2e9e6d38b2b6406c,2,support,4,月刊CLIMAX,月刊CLIMAX,有栖川 夏葉,有栖川 夏葉
2040130050,bf52d884e5b437c2a793e72511619813,1,support,4,Sr×Ba×Cu=,Sr×Ba×Cu=,有栖川 夏葉,有栖川 夏葉
2030130010,a153ca3822fdd88843291776d89c8267,7,support,3,虹待ちレインドロップ,虹待ちレインドロップ,有栖川 夏葉,有栖川 夏葉
2030130020,35eaba9c465a3a90ccffee7e067bba0d,4,support,3,紅いろは、白,紅いろは、白,有栖川 夏葉,有栖川 夏葉
2030130030,9c023cce72f1c9e25553451dc29051f5,2,support,3,スタンド・バイ,スタンド・バイ,有栖川 夏葉,有栖川 夏葉
2030130040,e0312018dae38e0702d566df7c69df8a,2,support,3,夢追いランナバウト,夢追いランナバウト,有栖川 夏葉,有栖川 夏葉
2020130010,454fa80c5c8e3c2c284a58f6f2002603,7,support,2,２８３プロのヒナ,２８３プロのヒナ,有栖川 夏葉,有栖川 夏葉
2010130010,660b89ba82dcf8e0cc34ac36efc3d52d,8,support,1,アイドルのたまご,アイドルのたまご,有栖川 夏葉,有栖川 夏葉
1940140010,7810569d8843190d7b1d470a7a389f90,2,produce,4,アイドルロード,アイドルロード,大崎 甘奈,大崎 甘奈
1040140010,9f3b7a64886aff68d78643a12eb3e389,8,produce,4,スタンバイオッケー,スタンバイオッケー,大崎 甘奈,大崎 甘奈
1040140020,80d99ba9bee0096a8ef08d2459c38efd,4,produce,4,ゆらゆらアクアリウム,ゆらゆらアクアリウム,大崎 甘奈,大崎 甘奈
1040140030,b674366fddb233b0a8d2a9a02fac3100,2,produce,4,ないしょのスイーツ,ないしょのスイーツ,大崎 甘奈,大崎 甘奈
1040140040,027481afab683d8cb8a070ab00a2f450,2,produce,4,お散歩サンライト,お散歩サンライト,大崎 甘奈,大崎 甘奈
1040140050,521c52e6720bfb65c45797ffac187d4c,1,produce,4,叶えて☆ゴールドフィッシュ,叶えて☆ゴールドフィッシュ,大崎 甘奈,大崎 甘奈
1930140010,da2d403ca28be5a14f94a5cb2c7a86bd,2,produce,3,白いツバサ,白いツバサ,大崎 甘奈,大崎 甘奈
1030140010,591f545747a716b6edb2024cc4715c85,8,produce,3,似合うかな？,似合うかな？,大崎 甘奈,大崎 甘奈
1030140020,e04b1b418bd350fbe34e8c2226a3be04,7,produce,3,甜花ちゃんといっしょ☆,甜花ちゃんといっしょ☆,大崎 甘奈,大崎 甘奈
1030140030,35caf6c16b39acbf924c488b31a1a34b,2,produce,3,ふたつの雨,ふたつの雨,大崎 甘奈,大崎 甘奈
1030140040,63b3f83e171c83d6a0e280a94a7ac167,2,produce,3,見つけたい、だけど……,見つけたい、だけど……,大崎 甘奈,大崎 甘奈
1020140010,e374d0bbda1c8f307f4609c1b34434f3,7,produce,2,白いツバサ,白いツバサ,大崎 甘奈,大崎 甘奈
2040140010,95943b0f305f1e2cdc972d3c024aa019,8,support,4,幸せのりんご飴,幸せのりんご飴,大崎 甘奈,大崎 甘奈
2040140020,d26fdf0270ca9fe527705ec673402284,7,support,4,まだ……寝ないから……,まだ……寝ないから……,大崎 甘奈,大崎 甘奈
2040140030,f3811264d7d59ed722b24892efdc1c51,4,support,4,お菓子なティータイム,お菓子なティータイム,大崎 甘奈,大崎 甘奈
2040140040,4e21af843875bb59d7b1972b6585062a,2,support,4,ハッピーの答えはどこに？,ハッピーの答えはどこに？,大崎 甘奈,大崎 甘奈
2040140050,28c2d21cf43b96900fdafb167a53eb7f,2,support,4,Cherry Jelly,Cherry Jelly,大崎 甘奈,大崎 甘奈
2030140010,9865d1ac3a4a18cd4a85892b13529b69,8,support,3,秘密のがんばり,秘密のがんばり,大崎 甘奈,大崎 甘奈
2030140020,e4abe5ffc1df1c95280a9979789ed9db,8,support,3,光の想い出,光の想い出,大崎 甘奈,大崎 甘奈
2030140030,d78ee9a1ce5489484050b42f748dd68c,2,support,3,冬の日の『贈り物』,冬の日の『贈り物』,大崎 甘奈,大崎 甘奈
2020140010,f78ad9d179777988ff90bd574fb22bc9,7,support,2,２８３プロのヒナ,２８３プロのヒナ,大崎 甘奈,大崎 甘奈
1940150010,9c878440b0a713e454ba58bb7e696c6e,2,produce,4,アイドルロード,アイドルロード,大崎 甜花,大崎 甜花
1040150010,3c983e5fb9bb7eaa925c4d8ab6ac9674,8,produce,4,事務所。静寂。大輪の華,事務所。静寂。大輪の華,大崎 甜花,大崎 甜花
1040150020,de29145ac03d329f18248591a4af1432,2,produce,4,好きなものはなんですか？,好きなものはなんですか？,大崎 甜花,大崎 甜花
1040150030,fb48984f649fa75256652a17e13cb97a,2,produce,4,I♡DOLL,I♡DOLL,大崎 甜花,大崎 甜花
1040150040,b64d9c9485d34c2b91709ef84184e43a,2,produce,4,四夜一夜物語,四夜一夜物語,大崎 甜花,大崎 甜花
1930150010,0c95659d7bdb846fc65aa7950925de20,2,produce,3,白いツバサ,白いツバサ,大崎 甜花,大崎 甜花
1030150010,130a8f09705036e69e990989a1482b0e,8,produce,3,秘密のだらだらタイム,秘密のだらだらタイム,大崎 甜花,大崎 甜花
1030150020,46bbb12bc0263f9800a6ea709470a074,8,produce,3,シンメトリー・プールサイド,シンメトリー・プールサイド,大崎 甜花,大崎 甜花
1030150030,995ad574fcbf964c53a6dcf82e1ef881,7,produce,3,氷上バンビーナ,氷上バンビーナ,大崎 甜花,大崎 甜花
1030150040,9ba69288db4e87e57b740bfe825bc3a7,4,produce,3,お日様染めのマリーナ,お日様染めのマリーナ,大崎 甜花,大崎 甜花
1030150050,89e243e03cb7b865eab05ae8b3747a1c,2,produce,3,ストライク狙って,ストライク狙って,大崎 甜花,大崎 甜花
1020150010,78d82528de27936af78a52667011e7cf,7,produce,2,白いツバサ,白いツバサ,大崎 甜花,大崎 甜花
2040150010,5383c87f7cf2f1e4f28d107e23005a52,7,support,4,彩りファッションドール,彩りファッションドール,大崎 甜花,大崎 甜花
2040150020,2ccd63005419644b9c6decc457f8c53a,7,support,4,身支度はお任せ☆,身支度はお任せ☆,大崎 甜花,大崎 甜花
2040150030,033fc119ae6903858a8f9e84d3824c07,4,support,4,かしまし、みっつの願いごと,かしまし、みっつの願いごと,大崎 甜花,大崎 甜花
2040150040,977f964f6c8ffb1b5c620dbfa70c65c8,2,support,4,トゥインクル・トゥインクル,トゥインクル・トゥインクル,大崎 甜花,大崎 甜花
2040150050,0d5f6506ff7b75e892c429616df33b74,2,support,4,見果てぬ先のアヴァロン,見果てぬ先のアヴァロン,大崎 甜花,大崎 甜花
2040150060,713adee805c31087e54030c26764d55f,1,support,4,リトル・スターズ,リトル・スターズ,大崎 甜花,大崎 甜花
2030150010,61952b1b6ead02bc659860ff5e2b8c74,7,support,3,アイ・セーブ・ユー,アイ・セーブ・ユー,大崎 甜花,大崎 甜花
2030150020,3489cb92b3120550b00457afeae3ad44,2,support,3,楽園に背く,楽園に背く,大崎 甜花,大崎 甜花
2030150030,b22b77721cd62e60ff6784bcb6bf07b2,1,support,3,Summer for Us,Summer for Us,大崎 甜花,大崎 甜花
2020150010,2a691a04cd6884f9bd7bcf5b4739f063,7,support,2,２８３プロのヒナ,２８３プロのヒナ,大崎 甜花,大崎 甜花
2010150010,7824e047252464fc689649ce63729708,8,support,1,アイドルのたまご,アイドルのたまご,大崎 甜花,大崎 甜花
1940160010,3a2c9039ee9166c59425b5df9b55f038,2,produce,4,アイドルロード,アイドルロード,桑山 千雪,桑山 千雪
1040160010,aa1970c28b9d338c9da486d7fdf805e7,7,produce,4,マイ・ピュア・ロマンス,マイ・ピュア・ロマンス,桑山 千雪,桑山 千雪
1040160020,24357aaf4fa554548887396128c07ae7,2,produce,4,シークレット・ヒロイン,シークレット・ヒロイン,桑山 千雪,桑山 千雪
1040160030,2eac5486f206e4667862f7291a9dff0f,2,produce,4,サマーハニー・シーズン,サマーハニー・シーズン,桑山 千雪,桑山 千雪
1040160040,cc81c157f5122e9e835a2b96d60b7fc5,2,produce,4,はるかぜまち、1番地,はるかぜまち、1番地,桑山 千雪,桑山 千雪
1040160050,328425d11e0250dcb423f3711c810333,1,produce,4,秋空と紅葉,秋空と紅葉,桑山 千雪,桑山 千雪
1930160010,57681b0714f44385f52ff7c640c43893,2,produce,3,白いツバサ,白いツバサ,桑山 千雪,桑山 千雪
1030160010,6d75be96b875fe74fa60412ab7bc4c03,8,produce,3,マイフェイバリット,マイフェイバリット,桑山 千雪,桑山 千雪
1030160020,db2bcf666dfb514a102126405992541b,8,produce,3,一夏一刻物語,一夏一刻物語,桑山 千雪,桑山 千雪
1030160030,5be65489fc3b2a7f1e3a881e7c3581b9,4,produce,3,よそゆき顔のセレナーデ,よそゆき顔のセレナーデ,桑山 千雪,桑山 千雪
1030160040,c9db515fd3e471b0167e188215496866,2,produce,3,ワン・モア・フラワリング,ワン・モア・フラワリング,桑山 千雪,桑山 千雪
1020160010,c8a3f0b3d7afc6cbb3c3ae1b28fb89c4,7,produce,2,白いツバサ,白いツバサ,桑山 千雪,桑山 千雪
2040160010,f10de15bb703f2250c76c298bd802e49,7,support,4,先生のお時間,先生のお時間,桑山 千雪,桑山 千雪
2040160020,a2e25e023ec9991c9134368d47112cea,6,support,4,永遠のCarol,永遠のCarol,桑山 千雪,桑山 千雪
2040160030,300dcfd222d1b279104af18b57dd6758,2,support,4,トキ・メキ・タコさん,トキ・メキ・タコさん,桑山 千雪,桑山 千雪
2040160040,c2f4a03a221fc171669a45c7bdedccfe,2,support,4,ウォーム・スノウ,ウォーム・スノウ,桑山 千雪,桑山 千雪
2040160050,64babcfb8b02075c9e4dcd060b255f6d,2,support,4,ドゥワッチャラブ！,ドゥワッチャラブ！,桑山 千雪,桑山 千雪
2040160060,92aeea322e71ba5be85d751d116018c1,1,support,4,夏空への挑戦,夏空への挑戦,桑山 千雪,桑山 千雪
2030160010,2a304f90b2ed586b4980ee53e1a315ed,7,support,3,ブルーミングハート,ブルーミングハート,桑山 千雪,桑山 千雪
2030160020,2cebfa9a09cbfd4bafe70758cb5e5c44,2,support,3,こころに恋,こころに恋,桑山 千雪,桑山 千雪
2030160030,875d5b68a03ae96895eac84541030ece,1,support,3,RELAXIN,RELAXIN,桑山 千雪,桑山 千雪
2020160010,5bea75a2febb7069c7188921211845d6,7,support,2,２８３プロのヒナ,２８３プロのヒナ,桑山 千雪,桑山 千雪
1940170010,c956a6e751beb496abb4d6bc94df0fd1,2,produce,4,アイドルロード,アイドルロード,芹沢 あさひ,芹沢 あさひ
1040170010,bf7654cea8730408eaca21656d2b5933,2,produce,4,ジャンプ！スタッグ！！！,ジャンプ！スタッグ！！！,芹沢 あさひ,芹沢 あさひ
1040170020,de712b3c8418bdd8ddb92b20e212e4a8,2,produce,4,空と青とアイツ,空と青とアイツ,芹沢 あさひ,芹沢 あさひ
1040170030,b0a2d07673904ee95e83b163dd1837ce,1,produce,4,不機嫌なテーマパーク,不機嫌なテーマパーク,芹沢 あさひ,芹沢 あさひ
1930170010,4892cbfaefb312e08a729cb049b9b42a,2,produce,3,白いツバサ,白いツバサ,芹沢 あさひ,芹沢 あさひ
1030170010,7afa786187accc1f494b5970e4757d65,2,produce,3,さかさま世界,さかさま世界,芹沢 あさひ,芹沢 あさひ
1030170020,b38595f958abcc285d0eab78ea2b3b09,2,produce,3,かしゃーんとがらがら,かしゃーんとがらがら,芹沢 あさひ,芹沢 あさひ
1020170010,c6b23f96f84ed49df314b64657c43f73,2,produce,2,白いツバサ,白いツバサ,芹沢 あさひ,芹沢 あさひ
2040170010,fd7f9b81769bc2f667d00ade0660662d,2,support,4,プレゼン・バトン！,プレゼン・バトン！,芹沢 あさひ,芹沢 あさひ
2040170020,d0e0ae8228a955c7f5568553b280d6f3,2,support,4,あめ、ゆき、はれ,あめ、ゆき、はれ,芹沢 あさひ,芹沢 あさひ
2040170030,428471c8c4646084c3e5ad9fb2358fba,1,support,4,今日の手は空を切らない,今日の手は空を切らない,芹沢 あさひ,芹沢 あさひ
2040170040,526a3931bbe1b1f1afd8972b7d8bb35e,1,support,4,ゴースト・サイド！,ゴースト・サイド！,芹沢 あさひ,芹沢 あさひ
2030170010,7c08eaf1dbb2b186d32833fdf01f2c0c,2,support,3,腹が減っては遊びはできぬ,腹が減っては遊びはできぬ,芹沢 あさひ,芹沢 あさひ
2030170020,e3b692eb7721ddb8fcb97ad6b42c5a77,1,support,3,花火の夜に……,花火の夜に……,芹沢 あさひ,芹沢 あさひ
2020170010,711bd8ebbb14160385b9b33b997b3c1c,2,support,2,２８３プロのヒナ,２８３プロのヒナ,芹沢 あさひ,芹沢 あさひ
1940180010,1a2db84022fb3a866a80e0a3dfcb68de,2,produce,4,アイドルロード,アイドルロード,黛 冬優子,黛 冬優子
1040180010,fef3e4ec9ee3fcf88391873022110223,2,produce,4,オ♡フ♡レ♡コ,オ♡フ♡レ♡コ,黛 冬優子,黛 冬優子
1040180020,608257203db717cf5ebb6eff51428990,1,produce,4,アンシーン・ダブルキャスト,アンシーン・ダブルキャスト,黛 冬優子,黛 冬優子
1040180030,c29a7aa9c7ce476b29d703885c88b82f,1,produce,4,starring F,starring F,黛 冬優子,黛 冬優子
1930180010,20c15ac91fafd88d897502d47bc85ce2,2,produce,3,白いツバサ,白いツバサ,黛 冬優子,黛 冬優子
1030180010,51046c66c4b287f1492966974a04153f,2,produce,3,ザ・冬優子イズム,ザ・冬優子イズム,黛 冬優子,黛 冬優子
1030180020,f861862937f60f3595ac0656b24ca64b,2,produce,3,水×天カイヤナイト,水×天カイヤナイト,黛 冬優子,黛 冬優子
1020180010,61e484a7b049dc7a20e674d20475cf78,2,produce,2,白いツバサ,白いツバサ,黛 冬優子,黛 冬優子
2040180010,cb6e1ee4d77730d0e2a0ae4dc7bac1cd,2,support,4,スパイシーベリィデコレイト,スパイシーベリィデコレイト,黛 冬優子,黛 冬優子
2040180020,8bffd8919193a812e1cf49d58b0bc348,2,support,4,ノー墨・勝者フェイス,ノー墨・勝者フェイス,黛 冬優子,黛 冬優子
2040180030,aafc81e6c2f483d89dc04429823278ea,2,support,4,＠ストーリィズ,＠ストーリィズ,黛 冬優子,黛 冬優子
2030180010,8cf1d89a11868a609e41febb62e28c1f,1,support,3,(ノージャンル)グラヴィティ,(ノージャンル)グラヴィティ,黛 冬優子,黛 冬優子
2020180010,e649976b5accc42b8f73552c83d8e1db,2,support,2,２８３プロのヒナ,２８３プロのヒナ,黛 冬優子,黛 冬優子
1940190010,83bf3ecf5140239aa20c34e07d0318a2,2,produce,4,アイドルロード,アイドルロード,和泉 愛依,和泉 愛依
1040190010,a797a6fa4d9319e4019322883481ca1c,2,produce,4,ちょっとあげる～,ちょっとあげる～,和泉 愛依,和泉 愛依
1040190020,66f256d380a3893b02ceef28c340ce76,2,produce,4,メイ・ビー,メイ・ビー,和泉 愛依,和泉 愛依
1040190030,b593edb8017a19c7eed83b04a5c5614d,1,produce,4,シャッターチャンス！？,シャッターチャンス！？,和泉 愛依,和泉 愛依
1930190010,77852dc02f2ea6a4c5b076f9d472e4d1,2,produce,3,白いツバサ,白いツバサ,和泉 愛依,和泉 愛依
1030190010,340a18641c774c18109f12e2456e1ec8,2,produce,3,気になる！？染めちゃう！？,気になる！？染めちゃう！？,和泉 愛依,和泉 愛依
1030190020,23ec9a30a7105f0fabcb7aa07a713b84,2,produce,3,てへっ♪,てへっ♪,和泉 愛依,和泉 愛依
1030190030,99814cdaa069ccb45e72dbebeaa43e28,1,produce,3,ご褒美、いるよね♪,ご褒美、いるよね♪,和泉 愛依,和泉 愛依
1020190010,b5b3990db0eeccd4068ee14901827f0e,2,produce,2,白いツバサ,白いツバサ,和泉 愛依,和泉 愛依
2040190010,46916762f833aeb47a5f4ba5bbae7135,2,support,4,なるんじゃん？,なるんじゃん？,和泉 愛依,和泉 愛依
2040190020,5ce7403c8efedaf1225fc3cdd3178588,2,support,4,うち来る～！？,うち来る～！？,和泉 愛依,和泉 愛依
2040190030,a4e6cc30f53a659d86b195d74a46be34,1,support,4,エンジョイ！パーティ,エンジョイ！パーティ,和泉 愛依,和泉 愛依
2030190010,b135c34240ba1dc76f97697346adfd32,2,support,3,和泉流・書道心得,和泉流・書道心得,和泉 愛依,和泉 愛依
2030190020,234cf451c9cb061e0a76d2de6f1de099,1,support,3,＋『α』,＋『α』,和泉 愛依,和泉 愛依
2020190010,ca0326a9e94c23a0e03b179c4dffd075,2,support,2,２８３プロのヒナ,２８３プロのヒナ,和泉 愛依,和泉 愛依
1940200010,c9a6148850dd58be92f7a85351798612,2,produce,4,アイドルロード,アイドルロード,浅倉 透,浅倉 透
1040200010,9627c8bb1322c0bce3487adfa5cead04,1,produce,4,10個、光,10個、光,浅倉 透,浅倉 透
1040200020,15990bcce9069bd7af834d6235f39a92,1,produce,4,途方もない午後,途方もない午後,浅倉 透,浅倉 透
1930200010,076df3f96b9893dc8f66f7f97334bf1d,2,produce,3,白いツバサ,白いツバサ,浅倉 透,浅倉 透
1030200010,da67da775a6789dc0703770efdfb441b,1,produce,3,まわるものについて,まわるものについて,浅倉 透,浅倉 透
1020200010,e78c807126e0784d136ea981bdcc2bba,2,produce,2,白いツバサ,白いツバサ,浅倉 透,浅倉 透
2040200010,99cb764c84a3b3807616e22db0b393a6,1,support,4,ハウ・アー・UFO,ハウ・アー・UFO,浅倉 透,浅倉 透
2040200020,c13212de0b73698d83e06e5818aebbde,1,support,4,pooool,pooool,浅倉 透,浅倉 透
2040200030,4fdafd4cc90ffe94be93aae372458f21,1,support,4,がんばれ！ ノロマ号,がんばれ！ ノロマ号,浅倉 透,浅倉 透
2030200010,dafd99ea27a7dcd744a744ce500d90e6,1,support,3,かっとばし党の逆襲,かっとばし党の逆襲,浅倉 透,浅倉 透
2020200010,2f765fe2439457b1cf0001330a7f1087,2,support,2,２８３プロのヒナ,２８３プロのヒナ,浅倉 透,浅倉 透
1940210010,30d3d5fed2fb7f70efe621dd58c9a300,2,produce,4,アイドルロード,アイドルロード,樋口 円香,樋口 円香
1040210010,c16f6034f53f5303c264831515ef0d9a,1,produce,4,カラカラカラ,カラカラカラ,樋口 円香,樋口 円香
1040210020,b898843c8240a951e1c8cd095f6434bd,1,produce,4,ギンコ・ビローバ,ギンコ・ビローバ,樋口 円香,樋口 円香
1930210010,12a92af88112d77f11f2c70d33f688bf,2,produce,3,白いツバサ,白いツバサ,樋口 円香,樋口 円香
1020210010,19d88c6a604b1eca52f811a9161cf04b,2,produce,2,白いツバサ,白いツバサ,樋口 円香,樋口 円香
2040210010,4762093afa0b3b78c1ec40ae22ba6043,1,support,4,游魚,游魚,樋口 円香,樋口 円香
2040210020,7639191017fd658392fd4947f4d5da4c,1,support,4,UNTITLED,UNTITLED,樋口 円香,樋口 円香
2030210010,4dcd34f3a25a3394d956019f851509f4,1,support,3,閑話,閑話,樋口 円香,樋口 円香
2020210010,08ce6dca93ce15a3062c76cff7b77551,2,support,2,２８３プロのヒナ,２８３プロのヒナ,樋口 円香,樋口 円香
1940220010,68ecea1c3fdee752637a34c110c2bc25,2,produce,4,アイドルロード,アイドルロード,福丸 小糸,福丸 小糸
1040220010,d7038fba9f7b2153cb56ba5e24410c81,1,produce,4,ポシェットの中には,ポシェットの中には,福丸 小糸,福丸 小糸
1040220020,b674a7f211f61a78912ede1f51102ccd,1,produce,4,おみくじ結びますか,おみくじ結びますか,福丸 小糸,福丸 小糸
1930220010,dd08313ababba9c41e48359888f30537,2,produce,3,白いツバサ,白いツバサ,福丸 小糸,福丸 小糸
1020220010,1703a90120516e14ae663645fe6c8d3f,2,produce,2,白いツバサ,白いツバサ,福丸 小糸,福丸 小糸
2040220010,e4dcbdf86b4216c56c4682f8fd0a1abb,1,support,4,パーティーのやくそく,パーティーのやくそく,福丸 小糸,福丸 小糸
2030220010,d918f8f245c623475844ae9e073cf163,1,support,3,きせつはアイスクリン,きせつはアイスクリン,福丸 小糸,福丸 小糸
2030220020,3c06b14107f7cf83042e4e047a850767,1,support,3,しかえし優等生,しかえし優等生,福丸 小糸,福丸 小糸
2020220010,541c10c5415b2c582d682509ff8050b7,2,support,2,２８３プロのヒナ,２８３プロのヒナ,福丸 小糸,福丸 小糸
1940230010,8add2ad55482da34767ffbb711e2daca,2,produce,4,アイドルロード,アイドルロード,市川 雛菜,市川 雛菜
1040230010,30b4a15a104f745429162bc75fec4f3e,1,produce,4,HAPPY-!NG,HAPPY-!NG,市川 雛菜,市川 雛菜
1930230010,d4eb89895c481bf985baf2e90bb59e31,2,produce,3,白いツバサ,白いツバサ,市川 雛菜,市川 雛菜
1030230010,9073001706267f4a479ebd44e35265c7,1,produce,3,#SS,#SS,市川 雛菜,市川 雛菜
1020230010,1b310782b368c7ced193285f2433c439,2,produce,2,白いツバサ,白いツバサ,市川 雛菜,市川 雛菜
2040230010,2511e427c4763a8d913ab51f93f994dd,1,support,4,ROOKIE!,ROOKIE!,市川 雛菜,市川 雛菜
2020230010,74b6a2d63ff731978321b67971988364,2,support,2,２８３プロのヒナ,２８３プロのヒナ,市川 雛菜,市川 雛菜